[
  {
    "id": "85e5f8ca-a1cd-400e-88af-39c70e1de170",
    "data": [
      {
        "text": "Je veux créer un ",
        "userDefined": false
      },
      {
        "text": "évènement",
        "meta": "@Object",
        "alias": "given_type",
        "userDefined": true
      },
      {
        "text": " nommé ",
        "userDefined": false
      },
      {
        "text": "la dance à paris",
        "meta": "@sys.any",
        "alias": "given_title",
        "userDefined": true
      },
      {
        "text": ".",
        "userDefined": false
      }
    ],
    "isTemplate": false,
    "count": 0,
    "lang": "fr",
    "updated": 0
  },
  {
    "id": "3be85ce4-ba55-48ee-9a78-356c5e01aa74",
    "data": [
      {
        "text": "Créer un ",
        "userDefined": false
      },
      {
        "text": "évent",
        "meta": "@Object",
        "alias": "given_type",
        "userDefined": true
      },
      {
        "text": " le ",
        "userDefined": false
      },
      {
        "text": "2020-04-02",
        "meta": "@sys.any",
        "alias": "given_date",
        "userDefined": true
      },
      {
        "text": " à ",
        "userDefined": false
      },
      {
        "text": "paris",
        "meta": "@sys.any",
        "alias": "given_city",
        "userDefined": true
      },
      {
        "text": " du nom de \"",
        "userDefined": false
      },
      {
        "text": "la bamboula",
        "meta": "@sys.any",
        "alias": "given_title",
        "userDefined": true
      },
      {
        "text": "\"",
        "userDefined": false
      }
    ],
    "isTemplate": false,
    "count": 0,
    "lang": "fr",
    "updated": 0
  },
  {
    "id": "4a30d29c-28cb-4a06-b33a-7a7d71741036",
    "data": [
      {
        "text": "Rajoute un ",
        "userDefined": false
      },
      {
        "text": "évènement",
        "meta": "@Object",
        "alias": "given_type",
        "userDefined": true
      },
      {
        "text": " du ",
        "userDefined": false
      },
      {
        "text": "16 au 20 juillet",
        "meta": "@sys.any",
        "alias": "given_date",
        "userDefined": true
      },
      {
        "text": " à ",
        "userDefined": false
      },
      {
        "text": "ville",
        "meta": "@sys.any",
        "alias": "given_city",
        "userDefined": true
      },
      {
        "text": " du nom de ",
        "userDefined": false
      },
      {
        "text": "oui",
        "meta": "@sys.any",
        "alias": "given_title",
        "userDefined": true
      },
      {
        "text": ". Le site web associé est le ",
        "userDefined": false
      },
      {
        "text": "http://oui.con",
        "meta": "@sys.url",
        "alias": "given_website",
        "userDefined": true
      }
    ],
    "isTemplate": false,
    "count": 0,
    "lang": "fr",
    "updated": 0
  },
  {
    "id": "df11d194-8ee6-4942-8026-f3864066592d",
    "data": [
      {
        "text": "Je créer un ",
        "userDefined": false
      },
      {
        "text": "évènement",
        "meta": "@Object",
        "alias": "given_type",
        "userDefined": true
      },
      {
        "text": " le ",
        "userDefined": false
      },
      {
        "text": "15 juillet",
        "meta": "@sys.any",
        "alias": "given_date",
        "userDefined": true
      },
      {
        "text": " à ",
        "userDefined": false
      },
      {
        "text": "Paris",
        "meta": "@sys.any",
        "alias": "given_city",
        "userDefined": true
      },
      {
        "text": ". Il se nomme \"",
        "userDefined": false
      },
      {
        "text": "le rendu de ps7, c\u0027est chaud en vrai",
        "meta": "@sys.any",
        "alias": "given_title",
        "userDefined": true
      },
      {
        "text": "\".",
        "userDefined": false
      }
    ],
    "isTemplate": false,
    "count": 0,
    "lang": "fr",
    "updated": 0
  }
]