[
  {
    "id": "d89d64cb-0aad-4514-9a1b-4720cd54d278",
    "data": [
      {
        "text": "c\u0027est quoi comme type",
        "userDefined": false
      }
    ],
    "isTemplate": false,
    "count": 0,
    "lang": "fr",
    "updated": 0
  },
  {
    "id": "81e59c01-9a7a-422d-939d-5e126972ca10",
    "data": [
      {
        "text": "Quel est sont type",
        "userDefined": false
      }
    ],
    "isTemplate": false,
    "count": 0,
    "lang": "fr",
    "updated": 0
  },
  {
    "id": "a03a808b-94d9-4b95-b1ba-3a8f6e402258",
    "data": [
      {
        "text": "il est de quel type",
        "userDefined": false
      }
    ],
    "isTemplate": false,
    "count": 0,
    "lang": "fr",
    "updated": 0
  }
]