[
  {
    "id": "16546b62-c686-4d5e-86a3-d5a46374dd03",
    "data": [
      {
        "text": "numéro de téléphone",
        "userDefined": false
      }
    ],
    "isTemplate": false,
    "count": 0,
    "lang": "fr",
    "updated": 0
  },
  {
    "id": "5042247e-b955-491b-be91-ad2a529c9acc",
    "data": [
      {
        "text": "je peux les appeler ?",
        "userDefined": false
      }
    ],
    "isTemplate": false,
    "count": 0,
    "lang": "fr",
    "updated": 0
  },
  {
    "id": "86a873e4-6714-4cf1-b610-fc03ac97e67d",
    "data": [
      {
        "text": "on peut les appeler ?",
        "userDefined": false
      }
    ],
    "isTemplate": false,
    "count": 0,
    "lang": "fr",
    "updated": 0
  },
  {
    "id": "14393b07-7ff7-40c8-ab0a-f574760555ee",
    "data": [
      {
        "text": "ils ont ",
        "userDefined": false
      },
      {
        "text": "u",
        "meta": "@sys.ignore",
        "userDefined": false
      },
      {
        "text": "  contact ?",
        "userDefined": false
      }
    ],
    "isTemplate": false,
    "count": 0,
    "lang": "fr",
    "updated": 0
  },
  {
    "id": "7fd2bc22-ef2d-4b6e-a149-73e02a0a9f92",
    "data": [
      {
        "text": "ils ont ",
        "userDefined": false
      },
      {
        "text": "un",
        "meta": "@sys.ignore",
        "userDefined": false
      },
      {
        "text": " numéro de téléphone ?",
        "userDefined": false
      }
    ],
    "isTemplate": false,
    "count": 0,
    "lang": "fr",
    "updated": 0
  },
  {
    "id": "d1f54319-5cfd-49c0-b783-c3f056f6efaa",
    "data": [
      {
        "text": "C\u0027est quoi leurs numéro de téléphone",
        "userDefined": false
      }
    ],
    "isTemplate": false,
    "count": 0,
    "lang": "fr",
    "updated": 0
  }
]