[
  {
    "id": "3740d470-14c4-4e8d-affb-69c9e1576058",
    "data": [
      {
        "text": "C\u0027est quoi leur type de cuisine",
        "userDefined": false
      }
    ],
    "isTemplate": false,
    "count": 0,
    "lang": "fr",
    "updated": 0
  },
  {
    "id": "8047304f-73d7-4f9d-8c57-a9ed31c0835e",
    "data": [
      {
        "text": "type de cuisine",
        "userDefined": false
      }
    ],
    "isTemplate": false,
    "count": 0,
    "lang": "fr",
    "updated": 0
  },
  {
    "id": "06ab3b7a-2579-4159-ad33-7d6042d8c3f6",
    "data": [
      {
        "text": "Quel est leur type de cuisine",
        "userDefined": false
      }
    ],
    "isTemplate": false,
    "count": 0,
    "lang": "fr",
    "updated": 0
  }
]