[
  {
    "id": "027bbc94-6ddb-489c-a339-fec726dff4c1",
    "data": [
      {
        "text": "il est ouvert à quelle heure",
        "userDefined": false
      }
    ],
    "isTemplate": false,
    "count": 0,
    "lang": "fr",
    "updated": 0
  },
  {
    "id": "95e409ee-5273-4dfc-8135-73caba1b1809",
    "data": [
      {
        "text": "il ",
        "userDefined": false
      },
      {
        "text": "ferme",
        "meta": "@sys.ignore",
        "userDefined": false
      },
      {
        "text": " à quelle ",
        "userDefined": false
      },
      {
        "text": "heure",
        "meta": "@sys.ignore",
        "userDefined": false
      }
    ],
    "isTemplate": false,
    "count": 0,
    "lang": "fr",
    "updated": 0
  },
  {
    "id": "cca92607-1006-46cd-8eef-4669cd6fabdb",
    "data": [
      {
        "text": "il ouvre à quelle ",
        "userDefined": false
      },
      {
        "text": "heure",
        "meta": "@sys.ignore",
        "userDefined": false
      }
    ],
    "isTemplate": false,
    "count": 0,
    "lang": "fr",
    "updated": 0
  },
  {
    "id": "ba3883d6-c099-4930-a9b5-1796250e2043",
    "data": [
      {
        "text": "Quels sont ",
        "userDefined": false
      },
      {
        "text": "les",
        "meta": "@sys.ignore",
        "userDefined": false
      },
      {
        "text": " horaires  d\u0027ouverture",
        "userDefined": false
      }
    ],
    "isTemplate": false,
    "count": 0,
    "lang": "fr",
    "updated": 0
  }
]