[
  {
    "id": "15513d4e-2c87-4fa4-a562-29b910eeafa7",
    "data": [
      {
        "text": "Quel est leur site ?",
        "userDefined": false
      }
    ],
    "isTemplate": false,
    "count": 0,
    "lang": "fr",
    "updated": 0
  },
  {
    "id": "dd0eae52-bb07-40ea-a6ce-1799be8c4406",
    "data": [
      {
        "text": "siteweb",
        "userDefined": false
      }
    ],
    "isTemplate": false,
    "count": 0,
    "lang": "fr",
    "updated": 0
  },
  {
    "id": "afb990d7-08d1-4895-accf-bd77e62c96ea",
    "data": [
      {
        "text": "Quel est leur siteweb ?",
        "userDefined": false
      }
    ],
    "isTemplate": false,
    "count": 0,
    "lang": "fr",
    "updated": 0
  },
  {
    "id": "cc039cf0-888c-499d-b145-9224f68c81f3",
    "data": [
      {
        "text": "ils ont ",
        "userDefined": false
      },
      {
        "text": "un",
        "meta": "@sys.ignore",
        "userDefined": false
      },
      {
        "text": " siteweb ?",
        "userDefined": false
      }
    ],
    "isTemplate": false,
    "count": 0,
    "lang": "fr",
    "updated": 0
  }
]