[
  {
    "id": "8286cad4-802f-4a7b-9929-570998c8224f",
    "data": [
      {
        "text": "c\u0027est quoi sa capacité",
        "userDefined": false
      }
    ],
    "isTemplate": false,
    "count": 0,
    "lang": "fr",
    "updated": 0
  },
  {
    "id": "93c83b84-63b8-40b9-b5dd-df088ea10413",
    "data": [
      {
        "text": "Quel est lame nombre de ",
        "userDefined": false
      },
      {
        "text": "places",
        "meta": "@sys.ignore",
        "userDefined": false
      },
      {
        "text": " disponibles",
        "userDefined": false
      }
    ],
    "isTemplate": false,
    "count": 0,
    "lang": "fr",
    "updated": 0
  }
]