[
  {
    "id": "4621b963-1171-48c1-b902-5d5429abedc8",
    "data": [
      {
        "text": "Ils ont combien d\u0027écrans ?",
        "userDefined": false
      }
    ],
    "isTemplate": false,
    "count": 0,
    "lang": "fr",
    "updated": 0
  },
  {
    "id": "e88e252c-bdfb-4a94-8b56-f5047d2ba388",
    "data": [
      {
        "text": "Quel est le nombre d\u0027écrans disponible ?",
        "userDefined": false
      }
    ],
    "isTemplate": false,
    "count": 0,
    "lang": "fr",
    "updated": 0
  }
]