[
  {
    "id": "a47b15a8-ca00-4e14-b7eb-41ae031c6253",
    "data": [
      {
        "text": "Quelle est ",
        "userDefined": false
      },
      {
        "text": "l\u0027adresse",
        "meta": "@sys.ignore",
        "userDefined": false
      },
      {
        "text": " de la ",
        "userDefined": false
      },
      {
        "text": "librairie",
        "meta": "@sys.ignore",
        "userDefined": false
      },
      {
        "text": " ?",
        "userDefined": false
      }
    ],
    "isTemplate": false,
    "count": 0,
    "lang": "fr",
    "updated": 0
  },
  {
    "id": "b4ac281a-abde-4e9b-bed3-05944d90fc5e",
    "data": [
      {
        "text": "Quelle est ",
        "userDefined": false
      },
      {
        "text": "l\u0027adresse",
        "meta": "@sys.ignore",
        "userDefined": false
      },
      {
        "text": " du ",
        "userDefined": false
      },
      {
        "text": "centre sportif",
        "meta": "@sys.ignore",
        "userDefined": false
      },
      {
        "text": " ?",
        "userDefined": false
      }
    ],
    "isTemplate": false,
    "count": 0,
    "lang": "fr",
    "updated": 0
  },
  {
    "id": "00522265-2028-4d4f-a6c4-751d51805dfb",
    "data": [
      {
        "text": "Quelle est ",
        "userDefined": false
      },
      {
        "text": "l\u0027adresse",
        "meta": "@sys.ignore",
        "userDefined": false
      },
      {
        "text": " du ",
        "userDefined": false
      },
      {
        "text": "cinéma",
        "meta": "@sys.ignore",
        "userDefined": false
      }
    ],
    "isTemplate": false,
    "count": 0,
    "lang": "fr",
    "updated": 0
  },
  {
    "id": "382f9b6b-75dd-40c3-bf74-52001c5a0b15",
    "data": [
      {
        "text": "Quelle est l\u0027adresse du ",
        "userDefined": false
      },
      {
        "text": "restaurant",
        "meta": "@sys.ignore",
        "userDefined": false
      },
      {
        "text": " ?",
        "userDefined": false
      }
    ],
    "isTemplate": false,
    "count": 0,
    "lang": "fr",
    "updated": 0
  },
  {
    "id": "92209a14-1bee-44d6-80d9-89052ffaea3a",
    "data": [
      {
        "text": "Quelle est son adresse ?",
        "userDefined": false
      }
    ],
    "isTemplate": false,
    "count": 0,
    "lang": "fr",
    "updated": 0
  }
]