[
  {
    "id": "b52749d0-d6cb-48b0-aa42-05bcaaf6ae2e",
    "data": [
      {
        "text": "la livraison est",
        "meta": "@sys.ignore",
        "userDefined": false
      },
      {
        "text": " disponible ?",
        "userDefined": false
      }
    ],
    "isTemplate": false,
    "count": 0,
    "lang": "fr",
    "updated": 0
  },
  {
    "id": "00602d5a-9d6b-4bf1-9c76-6035ae198a98",
    "data": [
      {
        "text": "Ce ",
        "userDefined": false
      },
      {
        "text": "restaurant",
        "meta": "@sys.ignore",
        "userDefined": false
      },
      {
        "text": " livre à domicile ?",
        "userDefined": false
      }
    ],
    "isTemplate": false,
    "count": 0,
    "lang": "fr",
    "updated": 0
  },
  {
    "id": "d0f3cfe5-1705-4dd2-a7fa-2fbdf8b69671",
    "data": [
      {
        "text": "la livraison est",
        "meta": "@sys.ignore",
        "userDefined": false
      },
      {
        "text": " disponible dans ce ",
        "userDefined": false
      },
      {
        "text": "restaurant",
        "meta": "@sys.ignore",
        "userDefined": false
      },
      {
        "text": " ?",
        "userDefined": false
      }
    ],
    "isTemplate": false,
    "count": 0,
    "lang": "fr",
    "updated": 0
  },
  {
    "id": "25fb5634-3077-4592-8f85-61c643444632",
    "data": [
      {
        "text": "ce ",
        "userDefined": false
      },
      {
        "text": "restaurant",
        "meta": "@sys.ignore",
        "userDefined": false
      },
      {
        "text": " a ",
        "userDefined": false
      },
      {
        "text": "la livraison",
        "meta": "@sys.ignore",
        "userDefined": false
      },
      {
        "text": " ?",
        "userDefined": false
      }
    ],
    "isTemplate": false,
    "count": 0,
    "lang": "fr",
    "updated": 0
  }
]