[
  {
    "id": "6928dff6-f9b4-467f-aefb-73cbdddb655d",
    "data": [
      {
        "text": "L\u0027emporter est",
        "meta": "@sys.ignore",
        "userDefined": false
      },
      {
        "text": " disponible dans ce ",
        "userDefined": false
      },
      {
        "text": "restaurant",
        "meta": "@sys.ignore",
        "userDefined": false
      },
      {
        "text": " ?",
        "userDefined": false
      }
    ],
    "isTemplate": false,
    "count": 0,
    "lang": "fr",
    "updated": 0
  },
  {
    "id": "23783290-7ca9-41a3-8169-a18a5d437b3f",
    "data": [
      {
        "text": "Peut-on commander à emporter dans ce ",
        "userDefined": false
      },
      {
        "text": "restaurant",
        "meta": "@sys.ignore",
        "userDefined": false
      },
      {
        "text": " ?",
        "userDefined": false
      }
    ],
    "isTemplate": false,
    "count": 0,
    "lang": "fr",
    "updated": 0
  },
  {
    "id": "d968c061-6e82-45ca-8ab0-ef456265ae79",
    "data": [
      {
        "text": "Peut-on prendre à emporter ?",
        "userDefined": false
      }
    ],
    "isTemplate": false,
    "count": 0,
    "lang": "fr",
    "updated": 0
  },
  {
    "id": "504cb533-7652-4235-a50c-53547d637041",
    "data": [
      {
        "text": "Le ",
        "userDefined": false
      },
      {
        "text": "resto",
        "meta": "@sys.ignore",
        "userDefined": false
      },
      {
        "text": " fait-il des commandes à emporter ?",
        "userDefined": false
      }
    ],
    "isTemplate": false,
    "count": 0,
    "lang": "fr",
    "updated": 0
  }
]