[
  {
    "id": "9f547d41-aeba-4f3c-91c6-ffedc9934104",
    "data": [
      {
        "text": "il y ",
        "userDefined": false
      },
      {
        "text": "a un",
        "meta": "@sys.ignore",
        "userDefined": false
      },
      {
        "text": " accès handicapé disponible  ?",
        "userDefined": false
      }
    ],
    "isTemplate": false,
    "count": 0,
    "lang": "fr",
    "updated": 0
  },
  {
    "id": "868af219-e069-4612-a103-68528b9da3ce",
    "data": [
      {
        "text": "L\u0027accès handicapé est disponible ?",
        "userDefined": false
      }
    ],
    "isTemplate": false,
    "count": 0,
    "lang": "fr",
    "updated": 0
  },
  {
    "id": "43ae0c89-e3fe-4ce9-876e-d645de5c505d",
    "data": [
      {
        "text": "A-t-il ",
        "userDefined": false
      },
      {
        "text": "un",
        "meta": "@sys.ignore",
        "userDefined": false
      },
      {
        "text": " accès handicapé?",
        "userDefined": false
      }
    ],
    "isTemplate": false,
    "count": 0,
    "lang": "fr",
    "updated": 0
  }
]