[
  {
    "id": "3523b59f-f485-41f3-b6d0-1006f39dc91f",
    "data": [
      {
        "text": "hello",
        "userDefined": false
      }
    ],
    "isTemplate": false,
    "count": 0,
    "lang": "fr",
    "updated": 0
  },
  {
    "id": "15409e35-8665-4d99-8628-5da0f5f4cf19",
    "data": [
      {
        "text": "salutations",
        "userDefined": false
      }
    ],
    "isTemplate": false,
    "count": 0,
    "lang": "fr",
    "updated": 0
  },
  {
    "id": "f72b1299-12cf-4a51-a7c3-83a30bf7e36c",
    "data": [
      {
        "text": "rebonjour",
        "userDefined": false
      }
    ],
    "isTemplate": false,
    "count": 0,
    "lang": "fr",
    "updated": 0
  },
  {
    "id": "5dfaa39e-e0e9-4149-95bb-a907e6340960",
    "data": [
      {
        "text": "bonjour à toi",
        "userDefined": false
      }
    ],
    "isTemplate": false,
    "count": 0,
    "lang": "fr",
    "updated": 0
  },
  {
    "id": "47d840b3-1b19-4632-95aa-6367e2ff10c8",
    "data": [
      {
        "text": "re bonjour",
        "userDefined": false
      }
    ],
    "isTemplate": false,
    "count": 0,
    "lang": "fr",
    "updated": 0
  },
  {
    "id": "82a50ab3-63eb-4894-bf2d-655fbd854662",
    "data": [
      {
        "text": "allo",
        "userDefined": false
      }
    ],
    "isTemplate": false,
    "count": 0,
    "lang": "fr",
    "updated": 0
  },
  {
    "id": "d041aae9-a304-4461-95a9-196c4ceec880",
    "data": [
      {
        "text": "coucou",
        "userDefined": false
      }
    ],
    "isTemplate": false,
    "count": 0,
    "lang": "fr",
    "updated": 0
  },
  {
    "id": "7b9fe08f-299a-4332-a694-ae0910937dd6",
    "data": [
      {
        "text": "hey",
        "userDefined": false
      }
    ],
    "isTemplate": false,
    "count": 0,
    "lang": "fr",
    "updated": 0
  },
  {
    "id": "076c8ebe-3b05-4f2b-bb2a-fb8be437720b",
    "data": [
      {
        "text": "hé",
        "userDefined": false
      }
    ],
    "isTemplate": false,
    "count": 0,
    "lang": "fr",
    "updated": 0
  },
  {
    "id": "4a3e98bf-323f-403d-85f8-baa77373c848",
    "data": [
      {
        "text": "resalut",
        "userDefined": false
      }
    ],
    "isTemplate": false,
    "count": 0,
    "lang": "fr",
    "updated": 0
  },
  {
    "id": "29cc9809-6fbe-4347-9fce-661bf7c17ffb",
    "data": [
      {
        "text": "salut",
        "userDefined": false
      }
    ],
    "isTemplate": false,
    "count": 0,
    "lang": "fr",
    "updated": 0
  },
  {
    "id": "0741d093-5776-4aab-bcd1-b1f1d12b7ca4",
    "data": [
      {
        "text": "re salut",
        "userDefined": false
      }
    ],
    "isTemplate": false,
    "count": 0,
    "lang": "fr",
    "updated": 0
  },
  {
    "id": "31df7ac4-ac56-4580-a7e8-1318ef579673",
    "data": [
      {
        "text": "salut à tous",
        "userDefined": false
      }
    ],
    "isTemplate": false,
    "count": 0,
    "lang": "fr",
    "updated": 0
  },
  {
    "id": "bfbff886-cee2-41d6-9eda-acf8c56a125f",
    "data": [
      {
        "text": "bonjour",
        "userDefined": false
      }
    ],
    "isTemplate": false,
    "count": 0,
    "lang": "fr",
    "updated": 0
  }
]