[
  {
    "id": "532dac09-da48-437c-bbf0-6f67d7bd2aea",
    "data": [
      {
        "text": "Le ",
        "userDefined": false
      },
      {
        "text": "cinéma",
        "meta": "@Object",
        "alias": "given_type",
        "userDefined": false
      },
      {
        "text": " ",
        "userDefined": false
      },
      {
        "text": "name",
        "meta": "@sys.any",
        "alias": "given_name",
        "userDefined": true
      },
      {
        "text": " possède qu\u0027elle capacité",
        "userDefined": false
      }
    ],
    "isTemplate": false,
    "count": 0,
    "lang": "fr",
    "updated": 0
  },
  {
    "id": "7279e1f1-a590-4466-b14e-2a280347907b",
    "data": [
      {
        "text": "Combien de personnes rentres dans le ",
        "userDefined": false
      },
      {
        "text": "cinéma",
        "meta": "@Object",
        "alias": "given_type",
        "userDefined": false
      },
      {
        "text": " ",
        "userDefined": false
      },
      {
        "text": "name",
        "meta": "@sys.any",
        "alias": "given_name",
        "userDefined": true
      },
      {
        "text": " ?",
        "userDefined": false
      }
    ],
    "isTemplate": false,
    "count": 0,
    "lang": "fr",
    "updated": 0
  },
  {
    "id": "7e30ed13-617c-444c-9ec1-96be6ac4de2e",
    "data": [
      {
        "text": "De qu\u0027elle capacité dispose le ",
        "userDefined": false
      },
      {
        "text": "cinema",
        "meta": "@Object",
        "alias": "given_type",
        "userDefined": false
      },
      {
        "text": " ",
        "userDefined": false
      },
      {
        "text": "name",
        "meta": "@sys.any",
        "alias": "given_name",
        "userDefined": true
      },
      {
        "text": " ?",
        "userDefined": false
      }
    ],
    "isTemplate": false,
    "count": 0,
    "lang": "fr",
    "updated": 0
  },
  {
    "id": "b9b0718a-0675-420f-9c11-f42a47239d83",
    "data": [
      {
        "text": "Quel est la capacité du ",
        "userDefined": false
      },
      {
        "text": "cinéma",
        "meta": "@Object",
        "alias": "given_type",
        "userDefined": false
      },
      {
        "text": " ",
        "userDefined": false
      },
      {
        "text": "name",
        "meta": "@sys.any",
        "alias": "given_name",
        "userDefined": true
      },
      {
        "text": " ?",
        "userDefined": false
      }
    ],
    "isTemplate": false,
    "count": 0,
    "lang": "fr",
    "updated": 0
  }
]