[
  {
    "id": "8dabfabc-42e8-42e9-8978-0b572c54eb21",
    "data": [
      {
        "text": "Qu\u0027elle est ",
        "userDefined": false
      },
      {
        "text": "l\u0027adresse",
        "meta": "@sys.ignore",
        "userDefined": false
      },
      {
        "text": " du ",
        "userDefined": false
      },
      {
        "text": "cinéma",
        "meta": "@Object",
        "alias": "given_type",
        "userDefined": false
      },
      {
        "text": " ",
        "userDefined": false
      },
      {
        "text": "max linder panorama",
        "meta": "@sys.any",
        "alias": "given_name",
        "userDefined": false
      },
      {
        "text": " ?",
        "userDefined": false
      }
    ],
    "isTemplate": false,
    "count": 0,
    "lang": "fr",
    "updated": 0
  },
  {
    "id": "8bf68866-5eda-4654-9dee-8ff696216a85",
    "data": [
      {
        "text": "Qu\u0027elle est l\u0027adress du ",
        "userDefined": false
      },
      {
        "text": "cinéma",
        "meta": "@Object",
        "alias": "given_type",
        "userDefined": true
      },
      {
        "text": " ",
        "userDefined": false
      },
      {
        "text": "max linder panorama",
        "meta": "@sys.any",
        "alias": "given_name",
        "userDefined": true
      }
    ],
    "isTemplate": false,
    "count": 0,
    "lang": "fr",
    "updated": 0
  },
  {
    "id": "0290eb88-d3c6-46db-865f-96f5f651baf5",
    "data": [
      {
        "text": "Quel est l\u0027adresse du ",
        "userDefined": false
      },
      {
        "text": "restaurant",
        "meta": "@Object",
        "alias": "given_type",
        "userDefined": true
      },
      {
        "text": " ",
        "userDefined": false
      },
      {
        "text": "RestaurantName",
        "meta": "@sys.any",
        "alias": "given_name",
        "userDefined": true
      }
    ],
    "isTemplate": false,
    "count": 0,
    "lang": "fr",
    "updated": 0
  },
  {
    "id": "46e09658-43db-4ee2-9f6b-4467149606bf",
    "data": [
      {
        "text": "C\u0027est quoi l\u0027adresse du ",
        "userDefined": false
      },
      {
        "text": "restaurant",
        "meta": "@Object",
        "alias": "given_type",
        "userDefined": true
      },
      {
        "text": " ",
        "userDefined": false
      },
      {
        "text": "RestaurantName",
        "meta": "@sys.any",
        "alias": "given_name",
        "userDefined": true
      }
    ],
    "isTemplate": false,
    "count": 0,
    "lang": "fr",
    "updated": 0
  },
  {
    "id": "316b6622-4817-4ecf-a40f-cdeafe99b269",
    "data": [
      {
        "text": "Où est situé le ",
        "userDefined": false
      },
      {
        "text": "restaurant",
        "meta": "@Object",
        "alias": "given_type",
        "userDefined": true
      },
      {
        "text": " ",
        "userDefined": false
      },
      {
        "text": "RestaurantName",
        "meta": "@sys.any",
        "alias": "given_name",
        "userDefined": true
      }
    ],
    "isTemplate": false,
    "count": 0,
    "lang": "fr",
    "updated": 0
  },
  {
    "id": "d5f223fe-df5d-41a3-971b-2d035279a72b",
    "data": [
      {
        "text": "Quel est la localisation du ",
        "userDefined": false
      },
      {
        "text": "restaurant",
        "meta": "@Object",
        "alias": "given_type",
        "userDefined": true
      },
      {
        "text": " ",
        "userDefined": false
      },
      {
        "text": "RestaurantName",
        "meta": "@sys.any",
        "alias": "given_name",
        "userDefined": true
      }
    ],
    "isTemplate": false,
    "count": 0,
    "lang": "fr",
    "updated": 0
  }
]