[
  {
    "id": "f31c5ef4-b1a2-4a4c-97ef-b2915d929ad5",
    "data": [
      {
        "text": "La ",
        "userDefined": false
      },
      {
        "text": "ville",
        "meta": "@Object",
        "alias": "given_type",
        "userDefined": true
      },
      {
        "text": " de ",
        "userDefined": false
      },
      {
        "text": "villeName",
        "meta": "@sys.any",
        "alias": "given_name",
        "userDefined": true
      },
      {
        "text": " est dans quel département",
        "userDefined": false
      }
    ],
    "isTemplate": false,
    "count": 0,
    "lang": "fr",
    "updated": 0
  },
  {
    "id": "ccd6b937-c5b4-4ab3-985d-d861668a4b9f",
    "data": [
      {
        "text": "Quel est le département de la ",
        "userDefined": false
      },
      {
        "text": "ville",
        "meta": "@Object",
        "alias": "given_type",
        "userDefined": true
      },
      {
        "text": " de ",
        "userDefined": false
      },
      {
        "text": "villeName",
        "meta": "@sys.any",
        "alias": "given_name",
        "userDefined": true
      }
    ],
    "isTemplate": false,
    "count": 0,
    "lang": "fr",
    "updated": 0
  }
]