[
  {
    "id": "d9929939-bf24-4382-bf81-f5dbf457f097",
    "data": [
      {
        "text": "Quel type de restaurant est le ",
        "userDefined": false
      },
      {
        "text": "resto",
        "meta": "@Object",
        "alias": "given_type",
        "userDefined": true
      },
      {
        "text": " ",
        "userDefined": false
      },
      {
        "text": "un jour à Hà Nôi",
        "meta": "@sys.any",
        "alias": "given_name",
        "userDefined": true
      }
    ],
    "isTemplate": false,
    "count": 0,
    "lang": "fr",
    "updated": 0
  },
  {
    "id": "b427f38d-280c-4b85-8a80-7af1c8fb633e",
    "data": [
      {
        "text": "Le ",
        "userDefined": false
      },
      {
        "text": "restaurant",
        "meta": "@Object",
        "alias": "given_type",
        "userDefined": true
      },
      {
        "text": " du ",
        "userDefined": false
      },
      {
        "text": "name",
        "meta": "@sys.any",
        "alias": "given_name",
        "userDefined": true
      },
      {
        "text": " est de quel type ?",
        "userDefined": false
      }
    ],
    "isTemplate": false,
    "count": 0,
    "lang": "fr",
    "updated": 0
  },
  {
    "id": "6a6ffc29-5e53-4559-a421-d10352ef2b90",
    "data": [
      {
        "text": "Quel type de lieu est le ",
        "userDefined": false
      },
      {
        "text": "restaurant",
        "meta": "@Object",
        "alias": "given_type",
        "userDefined": false
      },
      {
        "text": " ",
        "userDefined": false
      },
      {
        "text": "name",
        "meta": "@sys.any",
        "alias": "given_name",
        "userDefined": true
      },
      {
        "text": " ?",
        "userDefined": false
      }
    ],
    "isTemplate": false,
    "count": 0,
    "lang": "fr",
    "updated": 0
  }
]