[
  {
    "id": "7169b531-ceeb-4b5b-b51f-9feed87f49e9",
    "data": [
      {
        "text": "Le ",
        "userDefined": false
      },
      {
        "text": "centre sportif",
        "meta": "@Object",
        "alias": "given-type",
        "userDefined": true
      },
      {
        "text": " ",
        "userDefined": false
      },
      {
        "text": "sportsCenterName",
        "meta": "@sys.given-name",
        "alias": "given-name",
        "userDefined": true
      },
      {
        "text": " est dans quel pays",
        "userDefined": false
      }
    ],
    "isTemplate": false,
    "count": 0,
    "lang": "fr",
    "updated": 0
  },
  {
    "id": "097a8ec9-d260-45fd-ba34-d761baf5df94",
    "data": [
      {
        "text": "La ",
        "userDefined": false
      },
      {
        "text": "librairie",
        "meta": "@Object",
        "alias": "given-type",
        "userDefined": true
      },
      {
        "text": " ",
        "userDefined": false
      },
      {
        "text": "libraryName",
        "meta": "@sys.given-name",
        "alias": "given-name",
        "userDefined": true
      },
      {
        "text": " est dans quel pays",
        "userDefined": false
      }
    ],
    "isTemplate": false,
    "count": 0,
    "lang": "fr",
    "updated": 0
  },
  {
    "id": "62064d51-962a-4945-b1ee-77ab76abf5ad",
    "data": [
      {
        "text": "Le ",
        "userDefined": false
      },
      {
        "text": "cinéma",
        "meta": "@Object",
        "alias": "given-type",
        "userDefined": true
      },
      {
        "text": " ",
        "userDefined": false
      },
      {
        "text": "cinemaName",
        "meta": "@sys.given-name",
        "alias": "given-name",
        "userDefined": true
      },
      {
        "text": " est dans quel pays",
        "userDefined": false
      }
    ],
    "isTemplate": false,
    "count": 0,
    "lang": "fr",
    "updated": 0
  },
  {
    "id": "5e1f716f-cba7-4afc-b2da-810efa493888",
    "data": [
      {
        "text": "Le ",
        "userDefined": false
      },
      {
        "text": "restaurant",
        "meta": "@Object",
        "alias": "given-type",
        "userDefined": true
      },
      {
        "text": " ",
        "userDefined": false
      },
      {
        "text": "restaurantName",
        "meta": "@sys.given-name",
        "alias": "given-name",
        "userDefined": true
      },
      {
        "text": " est dans quel pays",
        "userDefined": false
      }
    ],
    "isTemplate": false,
    "count": 0,
    "lang": "fr",
    "updated": 0
  }
]