[
  {
    "id": "887747ad-d4af-4ae4-90e6-b3baa082af55",
    "data": [
      {
        "text": "Le ",
        "userDefined": false
      },
      {
        "text": "resto",
        "meta": "@Object",
        "alias": "given_type",
        "userDefined": false
      },
      {
        "text": " ",
        "userDefined": false
      },
      {
        "text": "restoname",
        "meta": "@sys.any",
        "alias": "given_name",
        "userDefined": true
      },
      {
        "text": " fait-il des commandes à emporter ?",
        "userDefined": false
      }
    ],
    "isTemplate": false,
    "count": 0,
    "lang": "fr",
    "updated": 0
  },
  {
    "id": "549ea06c-30ae-454c-a367-e08a3ca51fe5",
    "data": [
      {
        "text": "On peux prendre à emporter au ",
        "userDefined": false
      },
      {
        "text": "resto",
        "meta": "@Object",
        "alias": "given_type",
        "userDefined": false
      },
      {
        "text": " ",
        "userDefined": false
      },
      {
        "text": "restoname",
        "meta": "@sys.any",
        "alias": "given_name",
        "userDefined": true
      }
    ],
    "isTemplate": false,
    "count": 0,
    "lang": "fr",
    "updated": 0
  },
  {
    "id": "027827b5-a125-4634-a81b-f6ebcdad615c",
    "data": [
      {
        "text": "Peut-on commander à emporter au ",
        "userDefined": false
      },
      {
        "text": "restaurant",
        "meta": "@Object",
        "alias": "given_type",
        "userDefined": true
      },
      {
        "text": " ",
        "userDefined": false
      },
      {
        "text": "restoname",
        "meta": "@sys.any",
        "alias": "given_name",
        "userDefined": true
      },
      {
        "text": " ?",
        "userDefined": false
      }
    ],
    "isTemplate": false,
    "count": 0,
    "lang": "fr",
    "updated": 0
  }
]