[
  {
    "id": "c0eb24f0-ecdb-40a7-acbc-c59d6c9c293c",
    "data": [
      {
        "text": "Quels sont les ",
        "userDefined": false
      },
      {
        "text": "événements",
        "meta": "@Object",
        "alias": "given_type",
        "userDefined": true
      },
      {
        "text": " qui ont lieu le ",
        "userDefined": false
      },
      {
        "text": "date",
        "meta": "@sys.any",
        "alias": "given_date",
        "userDefined": true
      }
    ],
    "isTemplate": false,
    "count": 0,
    "lang": "fr",
    "updated": 0
  },
  {
    "id": "cbf9a0ea-5116-4517-b577-6258b2ce8c20",
    "data": [
      {
        "text": "Le ",
        "userDefined": false
      },
      {
        "text": "13 aout 2019",
        "meta": "@sys.any",
        "alias": "given_date",
        "userDefined": true
      },
      {
        "text": ", il se passe quoi comme ",
        "userDefined": false
      },
      {
        "text": "évènement",
        "meta": "@Object",
        "alias": "given_type",
        "userDefined": true
      },
      {
        "text": " ?",
        "userDefined": false
      }
    ],
    "isTemplate": false,
    "count": 0,
    "lang": "fr",
    "updated": 0
  },
  {
    "id": "c62e0f75-7a6d-411c-b48f-e1b7eb36779b",
    "data": [
      {
        "text": "Quel sont les ",
        "userDefined": false
      },
      {
        "text": "évent",
        "meta": "@Object",
        "alias": "given_type",
        "userDefined": false
      },
      {
        "text": " le ",
        "userDefined": false
      },
      {
        "text": "12 juillet 2020",
        "meta": "@sys.any",
        "alias": "given_date",
        "userDefined": false
      },
      {
        "text": " ?",
        "userDefined": false
      }
    ],
    "isTemplate": false,
    "count": 0,
    "lang": "fr",
    "updated": 0
  },
  {
    "id": "676b5f1f-42c3-4f34-afc2-64db340b464f",
    "data": [
      {
        "text": "Quel sont les ",
        "userDefined": false
      },
      {
        "text": "évent",
        "meta": "@Object",
        "alias": "given_type",
        "userDefined": true
      },
      {
        "text": " le ",
        "userDefined": false
      },
      {
        "text": "12 juillet 2020",
        "meta": "@sys.any",
        "alias": "given_date",
        "userDefined": true
      }
    ],
    "isTemplate": false,
    "count": 0,
    "lang": "fr",
    "updated": 0
  },
  {
    "id": "3ac72e1f-aee6-419e-b5cf-7a257f0a1e53",
    "data": [
      {
        "text": "Quel sont les ",
        "userDefined": false
      },
      {
        "text": "évent",
        "meta": "@Object",
        "alias": "given_type",
        "userDefined": true
      },
      {
        "text": " le ",
        "userDefined": false
      },
      {
        "text": "2020-07-12",
        "meta": "@sys.any",
        "alias": "given_date",
        "userDefined": true
      }
    ],
    "isTemplate": false,
    "count": 0,
    "lang": "fr",
    "updated": 0
  },
  {
    "id": "9325659e-3cec-4e4e-bfdd-c6e0bc2d464c",
    "data": [
      {
        "text": "Que ce passe t-il le ",
        "userDefined": false
      },
      {
        "text": "date",
        "meta": "@sys.any",
        "alias": "given_date",
        "userDefined": true
      },
      {
        "text": " ?",
        "userDefined": false
      }
    ],
    "isTemplate": false,
    "count": 0,
    "lang": "fr",
    "updated": 0
  },
  {
    "id": "d8f0fe60-3a62-4bab-a555-6f348ea3e409",
    "data": [
      {
        "text": "Quel sont les ",
        "userDefined": false
      },
      {
        "text": "évènement",
        "meta": "@Object",
        "alias": "given_type",
        "userDefined": true
      },
      {
        "text": " le ",
        "userDefined": false
      },
      {
        "text": "date",
        "meta": "@sys.any",
        "alias": "given_date",
        "userDefined": true
      },
      {
        "text": " ?",
        "userDefined": false
      }
    ],
    "isTemplate": false,
    "count": 0,
    "lang": "fr",
    "updated": 0
  }
]