[
  {
    "id": "dbd35132-ffde-4540-a459-63d0d0cd75f9",
    "data": [
      {
        "text": "Dans quelle ",
        "userDefined": false
      },
      {
        "text": "ville",
        "meta": "@sys.ignore",
        "userDefined": true
      },
      {
        "text": " est le ",
        "userDefined": false
      },
      {
        "text": "centre sportif",
        "meta": "@Object",
        "alias": "given_type",
        "userDefined": true
      },
      {
        "text": " ",
        "userDefined": false
      },
      {
        "text": "sportsCenterName",
        "meta": "@sys.any",
        "alias": "given_name",
        "userDefined": true
      }
    ],
    "isTemplate": false,
    "count": 0,
    "lang": "fr",
    "updated": 0
  },
  {
    "id": "a54cd8c3-d4dd-4bd9-a552-025b09bb358c",
    "data": [
      {
        "text": "Dans quelle ",
        "userDefined": false
      },
      {
        "text": "ville",
        "meta": "@sys.ignore",
        "userDefined": true
      },
      {
        "text": " est la ",
        "userDefined": false
      },
      {
        "text": "librairie",
        "meta": "@Object",
        "alias": "given_type",
        "userDefined": true
      },
      {
        "text": " ",
        "userDefined": false
      },
      {
        "text": "libraryName",
        "meta": "@sys.any",
        "alias": "given_name",
        "userDefined": true
      }
    ],
    "isTemplate": false,
    "count": 0,
    "lang": "fr",
    "updated": 0
  },
  {
    "id": "c2aa1e31-9d48-4a8a-aa16-c7f21fcf3048",
    "data": [
      {
        "text": "Dans quelle ",
        "userDefined": false
      },
      {
        "text": "ville",
        "meta": "@sys.ignore",
        "userDefined": true
      },
      {
        "text": " est le ",
        "userDefined": false
      },
      {
        "text": "cinéma",
        "meta": "@Object",
        "alias": "given_type",
        "userDefined": true
      },
      {
        "text": " ",
        "userDefined": false
      },
      {
        "text": "cinemaName",
        "meta": "@sys.any",
        "alias": "given_name",
        "userDefined": true
      }
    ],
    "isTemplate": false,
    "count": 0,
    "lang": "fr",
    "updated": 0
  },
  {
    "id": "38925529-04a3-4359-b24b-c3ed001766de",
    "data": [
      {
        "text": "Dans quelle ",
        "userDefined": false
      },
      {
        "text": "ville",
        "meta": "@sys.ignore",
        "userDefined": true
      },
      {
        "text": " est le ",
        "userDefined": false
      },
      {
        "text": "restaurant",
        "meta": "@Object",
        "alias": "given_type",
        "userDefined": true
      },
      {
        "text": " ",
        "userDefined": false
      },
      {
        "text": "restaurantName",
        "meta": "@sys.any",
        "alias": "given_name",
        "userDefined": true
      }
    ],
    "isTemplate": false,
    "count": 0,
    "lang": "fr",
    "updated": 0
  }
]