[
  {
    "id": "65cb3ee6-de07-462b-8392-0da1a4843323",
    "data": [
      {
        "text": "quel sont les ",
        "userDefined": false
      },
      {
        "text": "c",
        "meta": "@sys.any",
        "alias": "number",
        "userDefined": true
      },
      {
        "text": " prochains ",
        "userDefined": false
      },
      {
        "text": "event",
        "meta": "@Object",
        "alias": "given_type",
        "userDefined": true
      },
      {
        "text": " de ",
        "userDefined": false
      },
      {
        "text": "nice",
        "meta": "@sys.any",
        "alias": "given_name",
        "userDefined": true
      }
    ],
    "isTemplate": false,
    "count": 0,
    "lang": "fr",
    "updated": 0
  },
  {
    "id": "e22ea7b1-c100-4def-bf6c-4225c23a2d29",
    "data": [
      {
        "text": "quel sont les prochains ",
        "userDefined": false
      },
      {
        "text": "event",
        "meta": "@Object",
        "alias": "given_type",
        "userDefined": true
      },
      {
        "text": " de ",
        "userDefined": false
      },
      {
        "text": "nice",
        "meta": "@sys.any",
        "alias": "given_name",
        "userDefined": true
      }
    ],
    "isTemplate": false,
    "count": 0,
    "lang": "fr",
    "updated": 0
  },
  {
    "id": "7d79d859-cf53-4148-838c-2ea0a7b92de0",
    "data": [
      {
        "text": "liste moi les ",
        "userDefined": false
      },
      {
        "text": "x",
        "meta": "@sys.any",
        "alias": "number",
        "userDefined": false
      },
      {
        "text": " ",
        "userDefined": false
      },
      {
        "text": "event",
        "meta": "@Object",
        "alias": "given_type",
        "userDefined": true
      },
      {
        "text": " qui vont arrivé à ",
        "userDefined": false
      },
      {
        "text": "saint cyr",
        "meta": "@sys.any",
        "alias": "given_name",
        "userDefined": false
      }
    ],
    "isTemplate": false,
    "count": 0,
    "lang": "fr",
    "updated": 0
  },
  {
    "id": "0a2d5a4f-5413-4907-837c-fdce051708ff",
    "data": [
      {
        "text": "Quel sont les ",
        "userDefined": false
      },
      {
        "text": "x",
        "meta": "@sys.any",
        "alias": "number",
        "userDefined": true
      },
      {
        "text": " prochains ",
        "userDefined": false
      },
      {
        "text": "event",
        "meta": "@Object",
        "alias": "given_type",
        "userDefined": true
      },
      {
        "text": " à ",
        "userDefined": false
      },
      {
        "text": "ville",
        "meta": "@sys.any",
        "alias": "given_name",
        "userDefined": true
      }
    ],
    "isTemplate": false,
    "count": 0,
    "lang": "fr",
    "updated": 0
  },
  {
    "id": "22a69219-84aa-43c5-aa9f-7dae144448b3",
    "data": [
      {
        "text": "Quel est le prochain ",
        "userDefined": false
      },
      {
        "text": "évènement",
        "meta": "@Object",
        "alias": "given_type",
        "userDefined": true
      },
      {
        "text": " à ",
        "userDefined": false
      },
      {
        "text": "saint cyr",
        "meta": "@sys.any",
        "alias": "given_name",
        "userDefined": true
      },
      {
        "text": " ?",
        "userDefined": false
      }
    ],
    "isTemplate": false,
    "count": 0,
    "lang": "fr",
    "updated": 0
  }
]