[
  {
    "id": "fcc2719b-dcdb-4280-8f14-706787cff89d",
    "data": [
      {
        "text": "J\u0027aimerais savoir tous les ",
        "userDefined": false
      },
      {
        "text": "événements",
        "meta": "@Object",
        "alias": "given_type",
        "userDefined": true
      },
      {
        "text": " qui aura lieu ce ",
        "userDefined": false
      },
      {
        "text": "samedi",
        "meta": "@sys.date",
        "alias": "given_date",
        "userDefined": true
      },
      {
        "text": " à ",
        "userDefined": false
      },
      {
        "text": "Nice",
        "meta": "@sys.any",
        "alias": "given_city",
        "userDefined": true
      }
    ],
    "isTemplate": false,
    "count": 0,
    "lang": "fr",
    "updated": 0
  },
  {
    "id": "465751bf-444a-45e8-8c58-64d01cab2656",
    "data": [
      {
        "text": " C\u0027est quoi des ",
        "userDefined": false
      },
      {
        "text": "événements",
        "meta": "@Object",
        "alias": "given_type",
        "userDefined": true
      },
      {
        "text": " de type ",
        "userDefined": false
      },
      {
        "text": "sport",
        "meta": "@sys.any",
        "alias": "given_event_type",
        "userDefined": true
      },
      {
        "text": " organisé par ",
        "userDefined": false
      },
      {
        "text": "Marcel",
        "meta": "@sys.any",
        "alias": "given_organizer",
        "userDefined": true
      },
      {
        "text": " et il aura lieu ce ",
        "userDefined": false
      },
      {
        "text": "weekend",
        "meta": "@sys.date",
        "alias": "given_date",
        "userDefined": true
      },
      {
        "text": " à l\u0027",
        "userDefined": false
      },
      {
        "text": "Etat Unis",
        "meta": "@sys.any",
        "alias": "given_country",
        "userDefined": true
      }
    ],
    "isTemplate": false,
    "count": 0,
    "lang": "fr",
    "updated": 0
  },
  {
    "id": "26492dc5-6908-4f54-b76b-e2e6637610c1",
    "data": [
      {
        "text": "Le ",
        "userDefined": false
      },
      {
        "text": "13 aout 2019",
        "meta": "@sys.date",
        "alias": "given_date",
        "userDefined": true
      },
      {
        "text": ", il se passe quoi comme ",
        "userDefined": false
      },
      {
        "text": "évènement",
        "meta": "@Object",
        "alias": "given_type",
        "userDefined": true
      },
      {
        "text": " ?",
        "userDefined": false
      }
    ],
    "isTemplate": false,
    "count": 0,
    "lang": "fr",
    "updated": 0
  }
]