[
  {
    "id": "0fbc0f82-32ed-4ab1-b2e7-5f07bd00667e",
    "data": [
      {
        "text": "le ",
        "userDefined": false
      },
      {
        "text": "restaurant",
        "meta": "@Object",
        "alias": "given_type",
        "userDefined": true
      },
      {
        "text": " ",
        "userDefined": false
      },
      {
        "text": "Un Jour à Hà Nôi",
        "meta": "@sys.any",
        "alias": "given_name",
        "userDefined": true
      },
      {
        "text": " propose la livraison ?",
        "userDefined": false
      }
    ],
    "isTemplate": false,
    "count": 0,
    "lang": "fr",
    "updated": 0
  },
  {
    "id": "27fbc226-cb36-4233-a8d2-1c2ea9c8224b",
    "data": [
      {
        "text": "Le ",
        "userDefined": false
      },
      {
        "text": "restaurant",
        "meta": "@Object",
        "alias": "given_type",
        "userDefined": true
      },
      {
        "text": " ",
        "userDefined": false
      },
      {
        "text": "name",
        "meta": "@sys.any",
        "alias": "given_name",
        "userDefined": false
      },
      {
        "text": " propose ",
        "userDefined": false
      },
      {
        "text": "t",
        "meta": "@sys.ignore",
        "userDefined": false
      },
      {
        "text": "-il ",
        "userDefined": false
      },
      {
        "text": "la livraison",
        "meta": "@sys.ignore",
        "userDefined": false
      },
      {
        "text": " ?",
        "userDefined": false
      }
    ],
    "isTemplate": false,
    "count": 0,
    "lang": "fr",
    "updated": 0
  },
  {
    "id": "9b2bceb2-8096-41b2-8286-9725d862b60f",
    "data": [
      {
        "text": "Est-ce-que l\u0027option de livraison est disponible chez le ",
        "userDefined": false
      },
      {
        "text": "restaurant",
        "meta": "@Object",
        "alias": "given_type",
        "userDefined": true
      },
      {
        "text": " ",
        "userDefined": false
      },
      {
        "text": "RestaurantName",
        "meta": "@sys.any",
        "alias": "given_name",
        "userDefined": true
      }
    ],
    "isTemplate": false,
    "count": 0,
    "lang": "fr",
    "updated": 0
  },
  {
    "id": "14bcd7bd-3425-4f94-8ce0-1a8863c8e311",
    "data": [
      {
        "text": "Est-ce-que le ",
        "userDefined": false
      },
      {
        "text": "restaurant",
        "meta": "@Object",
        "alias": "given_type",
        "userDefined": true
      },
      {
        "text": " ",
        "userDefined": false
      },
      {
        "text": "RestaurantName",
        "meta": "@sys.any",
        "alias": "given_name",
        "userDefined": true
      },
      {
        "text": " fait la livraison",
        "userDefined": false
      }
    ],
    "isTemplate": false,
    "count": 0,
    "lang": "fr",
    "updated": 0
  }
]