[
  {
    "id": "a2ba0551-ae34-4feb-bd88-73b2af14cdec",
    "data": [
      {
        "text": "Que pouvez vous faire",
        "userDefined": false
      }
    ],
    "isTemplate": false,
    "count": 0,
    "lang": "fr",
    "updated": 0
  },
  {
    "id": "cbd4e0c9-3f7d-4198-abe3-6b208e46de9e",
    "data": [
      {
        "text": "Comment pouvez vous me renseigner",
        "userDefined": false
      }
    ],
    "isTemplate": false,
    "count": 0,
    "lang": "fr",
    "updated": 0
  },
  {
    "id": "380a5345-acfd-406b-80df-3ba3243d5da7",
    "data": [
      {
        "text": "Que puis-je demander",
        "userDefined": false
      }
    ],
    "isTemplate": false,
    "count": 0,
    "lang": "fr",
    "updated": 0
  },
  {
    "id": "3d89bc09-41f5-4cd5-ba0d-56ae1a9ead44",
    "data": [
      {
        "text": "J\u0027ai besoin d\u0027aide",
        "userDefined": false
      }
    ],
    "isTemplate": false,
    "count": 0,
    "lang": "fr",
    "updated": 0
  },
  {
    "id": "2e261755-a086-4360-bec8-a49d94a7ed64",
    "data": [
      {
        "text": "Aide",
        "userDefined": false
      }
    ],
    "isTemplate": false,
    "count": 0,
    "lang": "fr",
    "updated": 0
  },
  {
    "id": "be10d258-09b1-4530-a3ff-fb42b6487cf7",
    "data": [
      {
        "text": "Help",
        "userDefined": false
      }
    ],
    "isTemplate": false,
    "count": 0,
    "lang": "fr",
    "updated": 0
  },
  {
    "id": "6156ad07-9ce7-422b-b9c8-b8b25dfa75ff",
    "data": [
      {
        "text": "Comment communiquer avec vous",
        "userDefined": false
      }
    ],
    "isTemplate": false,
    "count": 0,
    "lang": "fr",
    "updated": 0
  }
]