[
  {
    "id": "2fed8830-f062-44ab-bbc1-36534a5b6c7d",
    "data": [
      {
        "text": "Qu\u0027elle ",
        "userDefined": false
      },
      {
        "text": "objet",
        "meta": "@Object",
        "alias": "request_type",
        "userDefined": true
      },
      {
        "text": " est le plus près de ",
        "userDefined": false
      },
      {
        "text": "objet2",
        "meta": "@Object",
        "alias": "given_type",
        "userDefined": true
      },
      {
        "text": " ",
        "userDefined": false
      },
      {
        "text": "name",
        "meta": "@sys.any",
        "alias": "given_name",
        "userDefined": true
      },
      {
        "text": " ?",
        "userDefined": false
      }
    ],
    "isTemplate": false,
    "count": 0,
    "lang": "fr",
    "updated": 0
  },
  {
    "id": "b1e3279d-6010-4ab0-9fad-4b53546e29cb",
    "data": [
      {
        "text": "Donne moi une ",
        "userDefined": false
      },
      {
        "text": "cinéma",
        "meta": "@Object",
        "alias": "request_type",
        "userDefined": true
      },
      {
        "text": " proche du ",
        "userDefined": false
      },
      {
        "text": "cinéma",
        "meta": "@Object",
        "alias": "given_type",
        "userDefined": true
      },
      {
        "text": " ",
        "userDefined": false
      },
      {
        "text": "max linder panorama",
        "meta": "@sys.any",
        "alias": "given_name",
        "userDefined": true
      }
    ],
    "isTemplate": false,
    "count": 0,
    "lang": "fr",
    "updated": 0
  },
  {
    "id": "7fd40755-d6c1-4260-8ae7-5c91445ba2a5",
    "data": [
      {
        "text": "Quel le ",
        "userDefined": false
      },
      {
        "text": "cinéma",
        "meta": "@Object",
        "alias": "request_type",
        "userDefined": true
      },
      {
        "text": " le plus ",
        "userDefined": false
      },
      {
        "text": "proche",
        "meta": "@sys.ignore",
        "userDefined": false
      },
      {
        "text": " du ",
        "userDefined": false
      },
      {
        "text": "restaurant",
        "meta": "@Object",
        "alias": "given_type",
        "userDefined": true
      },
      {
        "text": " ",
        "userDefined": false
      },
      {
        "text": "RestaurantName",
        "meta": "@sys.any",
        "alias": "given_name",
        "userDefined": true
      }
    ],
    "isTemplate": false,
    "count": 1,
    "lang": "fr",
    "updated": 0
  },
  {
    "id": "936c4848-fb46-47cb-a8c0-57175560fe90",
    "data": [
      {
        "text": "Est-ce qu\u0027il y a un ",
        "userDefined": false
      },
      {
        "text": "restaurant",
        "meta": "@Object",
        "alias": "request_type",
        "userDefined": false
      },
      {
        "text": " ",
        "userDefined": false
      },
      {
        "text": "pas loin",
        "meta": "@sys.ignore",
        "userDefined": true
      },
      {
        "text": " du ",
        "userDefined": false
      },
      {
        "text": "cinéma",
        "meta": "@Object",
        "alias": "given_type",
        "userDefined": false
      },
      {
        "text": " ",
        "userDefined": false
      },
      {
        "text": "CinemaName",
        "meta": "@sys.any",
        "alias": "given_name",
        "userDefined": true
      }
    ],
    "isTemplate": false,
    "count": 0,
    "lang": "fr",
    "updated": 0
  },
  {
    "id": "17f477c2-6262-4fcc-8c6c-857f1af44313",
    "data": [
      {
        "text": "Quel est le ",
        "userDefined": false
      },
      {
        "text": "restaurant",
        "meta": "@Object",
        "alias": "request_type",
        "userDefined": false
      },
      {
        "text": " le plus ",
        "userDefined": false
      },
      {
        "text": "proche",
        "meta": "@sys.ignore",
        "userDefined": true
      },
      {
        "text": " du ",
        "userDefined": false
      },
      {
        "text": "cinéma",
        "meta": "@Object",
        "alias": "given_type",
        "userDefined": false
      },
      {
        "text": " ",
        "userDefined": false
      },
      {
        "text": "CinemaName",
        "meta": "@sys.any",
        "alias": "given_name",
        "userDefined": true
      }
    ],
    "isTemplate": false,
    "count": 0,
    "lang": "fr",
    "updated": 0
  }
]