[
  {
    "value": "Cinéma",
    "synonyms": [
      "Cinéma",
      "Cinema",
      "Cine",
      "Ciné",
      "cinéma",
      "cinema",
      "cine",
      "ciné"
    ]
  },
  {
    "value": "restaurant",
    "synonyms": [
      "restaurant",
      "Restaurant",
      "Resto",
      "Restau",
      "resto",
      "restau",
      "café"
    ]
  },
  {
    "value": "évènement",
    "synonyms": [
      "évènement",
      "evenement",
      "évenement",
      "evènement",
      "évent",
      "event"
    ]
  },
  {
    "value": "Librairie",
    "synonyms": [
      "Librairie",
      "library",
      "bibliothèque",
      "bibliotheque",
      "bibl",
      "BU",
      "librairie"
    ]
  },
  {
    "value": "sport_center",
    "synonyms": [
      "sport_center",
      "centre de sport",
      "gymnase",
      "salle de sport",
      "salle de musculation"
    ]
  },
  {
    "value": "ville",
    "synonyms": [
      "ville",
      "city"
    ]
  }
]